,position,art_id,art_name,album_name,song_id,song_name,popularity,date,chart_power
0,1,0xK5OqvQKGC1nNtl2pIbwX,Bob Log III,Guitar Party Power,7cpEBbFirsX4rq2zwqd96L,Ooo Ah Ooo Uh,11,2020-12-13,20
1,2,3g43Z25cVRJHFn8ph8cdO0,Rozwell Kid,Too Shabby,7HjQRQ1f42ikbZ8gDb7B0m,Weirdo,32,2020-12-13,19
2,3,3g43Z25cVRJHFn8ph8cdO0,Rozwell Kid,Precious Art,0RleBUunpuPOEINL7MoSOc,Wendy's Trash Can,42,2020-12-13,18
3,4,4MpFa3J6Q842B9TBmAAl4S,Weird Owl,Nuclear Psychology,1yihwsSymgN8WSrqHKljSk,King of Flowers (ESP),12,2020-12-13,17
4,5,0cANwcqSsKJG0rpYFldfrV,Rose Hill Drive,Americana,4hXfw3LYoQTqfCf4K7Nxcd,Telepathic,37,2020-12-13,16
5,6,692VvGTch5OLXj4zEE6H3y,Radio Moscow,Magical Dirt,0euMI4b2v9kh91EimRxzlp,So Alone,32,2020-12-13,15
6,7,5yC8tl2VVpS4HO758L0lSc,Cayetana,Nervous Like Me,3GO5zABb99dOHJPNUiyj0R,Serious Things Are Stupid,24,2020-12-13,14
7,8,29Wmfm1CojrjQ3aQP0FI65,All Them Witches,Lightning At The Door,2EvUjCWg5zeaeKxGeOaHPh,When God Comes Back,53,2020-12-13,13
8,9,6Nwhmo3adbTqPMCsgBgkf4,Slothrust,Of Course You Do,4IvPEuTkgfHfDQIxcwfcZ0,Cubicle,33,2020-12-13,12
9,10,7x83XhcMbOTl1UdYsPTuZM,Tom Waits,Real Gone (Remastered),4H3K3jbAgNoDIbVcU6c6kg,Hoist That Rag,45,2020-12-13,11
10,11,0cc6vw3VN8YlIcvr1v7tBL,Mötley Crüe,Too Fast For Love,06EC9TibZK2mACTZ2usK1h,Live Wire,65,2020-12-13,10
11,12,3y6SKYXXP4lrliD6CzVXH3,Sugar Candy Mountain,666,324MRo4QQa2yJO0jUQ7u38,Who I Am,28,2020-12-13,9
12,13,3g43Z25cVRJHFn8ph8cdO0,Rozwell Kid,Too Shabby,0xDOL7sItKiKMw7hdyUwas,Kangaroo Pocket,35,2020-12-13,8
13,14,0VKuugYO6uuSOCGO62vk0M,Flaco Jimenez,The Best of Flaco Jiménez,2u0s5fj0jWlUoIK4za8eEu,Un Mojado Sin Licensia,16,2020-12-13,7
14,15,5WimOFbBnCU5wI6t5PPpEk,Shocking Blue,Scorpio's Dance,6EXOSA4BWBM1AUsXxKwYDT,Send Me A Postcard,53,2020-12-13,6
15,16,6futYSDVulYR2PktBjTB5W,Big Daddy Kane,Daddy's Home,6fv8qrWMteFmNGzU6Jo0E4,Show & Prove,39,2020-12-13,5
16,17,4gQ8biCMcMrOuBdJx639Q0,Ray Wylie Hubbard,Snake Farm,2vULyRIRIZH8dnw7lyXAcR,Snake Farm,50,2020-12-13,4
17,18,22bE4uQ6baNwSHPVcDxLCe,The Rolling Stones,Singles 1965-1967,1CKvinIoExZec5pv8OHtzU,Get Off Of My Cloud - (Original Single Mono Version),34,2020-12-13,3
18,19,6liAMWkVf5LH7YR9yfFy1Y,Portishead,Dummy,6vTtCOimcPs5H1Jr9d0Aep,Sour Times,60,2020-12-13,2
19,20,5TYxZTjIPqKM8K8NuP9woO,C. Tangana,Tú Me Dejaste De Querer (feat. Niño de Elche & La Hungara),0XinBYhf1X3kdvKQHOX971,Tú Me Dejaste De Querer (feat. Niño de Elche & La Hungara),88,2020-12-13,1
20,1,0xK5OqvQKGC1nNtl2pIbwX,Bob Log III,Guitar Party Power,7cpEBbFirsX4rq2zwqd96L,Ooo Ah Ooo Uh,11,2020-12-14,20
21,2,3g43Z25cVRJHFn8ph8cdO0,Rozwell Kid,Too Shabby,7HjQRQ1f42ikbZ8gDb7B0m,Weirdo,32,2020-12-14,19
22,3,3g43Z25cVRJHFn8ph8cdO0,Rozwell Kid,Precious Art,0RleBUunpuPOEINL7MoSOc,Wendy's Trash Can,42,2020-12-14,18
23,4,0cANwcqSsKJG0rpYFldfrV,Rose Hill Drive,Americana,4hXfw3LYoQTqfCf4K7Nxcd,Telepathic,37,2020-12-14,17
24,5,4MpFa3J6Q842B9TBmAAl4S,Weird Owl,Nuclear Psychology,1yihwsSymgN8WSrqHKljSk,King of Flowers (ESP),12,2020-12-14,16
25,6,29Wmfm1CojrjQ3aQP0FI65,All Them Witches,Lightning At The Door,2EvUjCWg5zeaeKxGeOaHPh,When God Comes Back,53,2020-12-14,15
26,7,692VvGTch5OLXj4zEE6H3y,Radio Moscow,Magical Dirt,0euMI4b2v9kh91EimRxzlp,So Alone,32,2020-12-14,14
27,8,5yC8tl2VVpS4HO758L0lSc,Cayetana,Nervous Like Me,3GO5zABb99dOHJPNUiyj0R,Serious Things Are Stupid,24,2020-12-14,13
28,9,6Nwhmo3adbTqPMCsgBgkf4,Slothrust,Of Course You Do,4IvPEuTkgfHfDQIxcwfcZ0,Cubicle,33,2020-12-14,12
29,10,7x83XhcMbOTl1UdYsPTuZM,Tom Waits,Real Gone (Remastered),4H3K3jbAgNoDIbVcU6c6kg,Hoist That Rag,45,2020-12-14,11
30,11,3g43Z25cVRJHFn8ph8cdO0,Rozwell Kid,Too Shabby,0xDOL7sItKiKMw7hdyUwas,Kangaroo Pocket,35,2020-12-14,10
31,12,0VKuugYO6uuSOCGO62vk0M,Flaco Jimenez,The Best of Flaco Jiménez,2u0s5fj0jWlUoIK4za8eEu,Un Mojado Sin Licensia,16,2020-12-14,9
32,13,5TYxZTjIPqKM8K8NuP9woO,C. Tangana,Tú Me Dejaste De Querer (feat. Niño de Elche & La Hungara),0XinBYhf1X3kdvKQHOX971,Tú Me Dejaste De Querer (feat. Niño de Elche & La Hungara),88,2020-12-14,8
33,14,5WimOFbBnCU5wI6t5PPpEk,Shocking Blue,Scorpio's Dance,6EXOSA4BWBM1AUsXxKwYDT,Send Me A Postcard,53,2020-12-14,7
34,15,22bE4uQ6baNwSHPVcDxLCe,The Rolling Stones,Singles 1965-1967,1CKvinIoExZec5pv8OHtzU,Get Off Of My Cloud - (Original Single Mono Version),35,2020-12-14,6
35,16,6futYSDVulYR2PktBjTB5W,Big Daddy Kane,Daddy's Home,6fv8qrWMteFmNGzU6Jo0E4,Show & Prove,39,2020-12-14,5
36,17,0cc6vw3VN8YlIcvr1v7tBL,Mötley Crüe,Too Fast For Love,06EC9TibZK2mACTZ2usK1h,Live Wire,65,2020-12-14,4
37,18,4gQ8biCMcMrOuBdJx639Q0,Ray Wylie Hubbard,Snake Farm,2vULyRIRIZH8dnw7lyXAcR,Snake Farm,50,2020-12-14,3
38,19,1X88xrhEvsoUjJ6EUHwiWF,Fuzz,Fuzz,1CW1CIucafZQqlqMHvCAZa,What's in My Head?,53,2020-12-14,2
39,20,6liAMWkVf5LH7YR9yfFy1Y,Portishead,Dummy,6vTtCOimcPs5H1Jr9d0Aep,Sour Times,61,2020-12-14,1
40,1,0xK5OqvQKGC1nNtl2pIbwX,Bob Log III,Guitar Party Power,7cpEBbFirsX4rq2zwqd96L,Ooo Ah Ooo Uh,11,2020-12-16,20
41,2,3g43Z25cVRJHFn8ph8cdO0,Rozwell Kid,Too Shabby,7HjQRQ1f42ikbZ8gDb7B0m,Weirdo,32,2020-12-16,19
42,3,3g43Z25cVRJHFn8ph8cdO0,Rozwell Kid,Precious Art,0RleBUunpuPOEINL7MoSOc,Wendy's Trash Can,42,2020-12-16,18
43,4,0cANwcqSsKJG0rpYFldfrV,Rose Hill Drive,Americana,4hXfw3LYoQTqfCf4K7Nxcd,Telepathic,37,2020-12-16,17
44,5,4MpFa3J6Q842B9TBmAAl4S,Weird Owl,Nuclear Psychology,1yihwsSymgN8WSrqHKljSk,King of Flowers (ESP),12,2020-12-16,16
45,6,29Wmfm1CojrjQ3aQP0FI65,All Them Witches,Lightning At The Door,2EvUjCWg5zeaeKxGeOaHPh,When God Comes Back,53,2020-12-16,15
46,7,5yC8tl2VVpS4HO758L0lSc,Cayetana,Nervous Like Me,3GO5zABb99dOHJPNUiyj0R,Serious Things Are Stupid,23,2020-12-16,14
47,8,6Nwhmo3adbTqPMCsgBgkf4,Slothrust,Of Course You Do,4IvPEuTkgfHfDQIxcwfcZ0,Cubicle,33,2020-12-16,13
48,9,692VvGTch5OLXj4zEE6H3y,Radio Moscow,Magical Dirt,0euMI4b2v9kh91EimRxzlp,So Alone,32,2020-12-16,12
49,10,5WimOFbBnCU5wI6t5PPpEk,Shocking Blue,Scorpio's Dance,6EXOSA4BWBM1AUsXxKwYDT,Send Me A Postcard,53,2020-12-16,11
50,11,7x83XhcMbOTl1UdYsPTuZM,Tom Waits,Real Gone (Remastered),4H3K3jbAgNoDIbVcU6c6kg,Hoist That Rag,45,2020-12-16,10
51,12,5TYxZTjIPqKM8K8NuP9woO,C. Tangana,Tú Me Dejaste De Querer (feat. Niño de Elche & La Hungara),0XinBYhf1X3kdvKQHOX971,Tú Me Dejaste De Querer (feat. Niño de Elche & La Hungara),88,2020-12-16,9
52,13,3g43Z25cVRJHFn8ph8cdO0,Rozwell Kid,Too Shabby,0xDOL7sItKiKMw7hdyUwas,Kangaroo Pocket,35,2020-12-16,8
53,14,0VKuugYO6uuSOCGO62vk0M,Flaco Jimenez,The Best of Flaco Jiménez,2u0s5fj0jWlUoIK4za8eEu,Un Mojado Sin Licensia,16,2020-12-16,7
54,15,6futYSDVulYR2PktBjTB5W,Big Daddy Kane,Daddy's Home,6fv8qrWMteFmNGzU6Jo0E4,Show & Prove,39,2020-12-16,6
55,16,22bE4uQ6baNwSHPVcDxLCe,The Rolling Stones,Singles 1965-1967,1CKvinIoExZec5pv8OHtzU,Get Off Of My Cloud - (Original Single Mono Version),35,2020-12-16,5
56,17,0cc6vw3VN8YlIcvr1v7tBL,Mötley Crüe,Too Fast For Love,06EC9TibZK2mACTZ2usK1h,Live Wire,65,2020-12-16,4
57,18,4gQ8biCMcMrOuBdJx639Q0,Ray Wylie Hubbard,Snake Farm,2vULyRIRIZH8dnw7lyXAcR,Snake Farm,50,2020-12-16,3
58,19,1X88xrhEvsoUjJ6EUHwiWF,Fuzz,Fuzz,1CW1CIucafZQqlqMHvCAZa,What's in My Head?,53,2020-12-16,2
59,20,6liAMWkVf5LH7YR9yfFy1Y,Portishead,Dummy,6vTtCOimcPs5H1Jr9d0Aep,Sour Times,61,2020-12-16,1
60,1,0xK5OqvQKGC1nNtl2pIbwX,Bob Log III,Guitar Party Power,7cpEBbFirsX4rq2zwqd96L,Ooo Ah Ooo Uh,11,2020-12-17,20
61,2,3g43Z25cVRJHFn8ph8cdO0,Rozwell Kid,Too Shabby,7HjQRQ1f42ikbZ8gDb7B0m,Weirdo,33,2020-12-17,19
62,3,0cANwcqSsKJG0rpYFldfrV,Rose Hill Drive,Americana,4hXfw3LYoQTqfCf4K7Nxcd,Telepathic,37,2020-12-17,18
63,4,3g43Z25cVRJHFn8ph8cdO0,Rozwell Kid,Precious Art,0RleBUunpuPOEINL7MoSOc,Wendy's Trash Can,42,2020-12-17,17
64,5,29Wmfm1CojrjQ3aQP0FI65,All Them Witches,Lightning At The Door,2EvUjCWg5zeaeKxGeOaHPh,When God Comes Back,54,2020-12-17,16
65,6,4MpFa3J6Q842B9TBmAAl4S,Weird Owl,Nuclear Psychology,1yihwsSymgN8WSrqHKljSk,King of Flowers (ESP),13,2020-12-17,15
66,7,5WimOFbBnCU5wI6t5PPpEk,Shocking Blue,Scorpio's Dance,6EXOSA4BWBM1AUsXxKwYDT,Send Me A Postcard,53,2020-12-17,14
67,8,7x83XhcMbOTl1UdYsPTuZM,Tom Waits,Real Gone (Remastered),4H3K3jbAgNoDIbVcU6c6kg,Hoist That Rag,45,2020-12-17,13
68,9,5TYxZTjIPqKM8K8NuP9woO,C. Tangana,Tú Me Dejaste De Querer (feat. Niño de Elche & La Hungara),0XinBYhf1X3kdvKQHOX971,Tú Me Dejaste De Querer (feat. Niño de Elche & La Hungara),88,2020-12-17,12
69,10,3g43Z25cVRJHFn8ph8cdO0,Rozwell Kid,Too Shabby,0xDOL7sItKiKMw7hdyUwas,Kangaroo Pocket,35,2020-12-17,11
70,11,0cc6vw3VN8YlIcvr1v7tBL,Mötley Crüe,Too Fast For Love,06EC9TibZK2mACTZ2usK1h,Live Wire,65,2020-12-17,10
71,12,0VKuugYO6uuSOCGO62vk0M,Flaco Jimenez,The Best of Flaco Jiménez,2u0s5fj0jWlUoIK4za8eEu,Un Mojado Sin Licensia,16,2020-12-17,9
72,13,5yC8tl2VVpS4HO758L0lSc,Cayetana,Nervous Like Me,3GO5zABb99dOHJPNUiyj0R,Serious Things Are Stupid,24,2020-12-17,8
73,14,6Nwhmo3adbTqPMCsgBgkf4,Slothrust,Of Course You Do,4IvPEuTkgfHfDQIxcwfcZ0,Cubicle,33,2020-12-17,7
74,15,6futYSDVulYR2PktBjTB5W,Big Daddy Kane,Daddy's Home,6fv8qrWMteFmNGzU6Jo0E4,Show & Prove,39,2020-12-17,6
75,16,22bE4uQ6baNwSHPVcDxLCe,The Rolling Stones,Singles 1965-1967,1CKvinIoExZec5pv8OHtzU,Get Off Of My Cloud - (Original Single Mono Version),35,2020-12-17,5
76,17,692VvGTch5OLXj4zEE6H3y,Radio Moscow,Magical Dirt,0euMI4b2v9kh91EimRxzlp,So Alone,33,2020-12-17,4
77,18,4gQ8biCMcMrOuBdJx639Q0,Ray Wylie Hubbard,Snake Farm,2vULyRIRIZH8dnw7lyXAcR,Snake Farm,50,2020-12-17,3
78,19,1X88xrhEvsoUjJ6EUHwiWF,Fuzz,Fuzz,1CW1CIucafZQqlqMHvCAZa,What's in My Head?,53,2020-12-17,2
79,20,3Oim8XBPbznAa8Jj8QzNc8,Cults,Static,2MZpnGSXiJamWiwsXpBLHW,I Can Hardly Make You Mine,38,2020-12-17,1
80,1,0xK5OqvQKGC1nNtl2pIbwX,Bob Log III,Guitar Party Power,7cpEBbFirsX4rq2zwqd96L,Ooo Ah Ooo Uh,11,2020-12-18,20
81,2,0cANwcqSsKJG0rpYFldfrV,Rose Hill Drive,Americana,4hXfw3LYoQTqfCf4K7Nxcd,Telepathic,37,2020-12-18,19
82,3,3g43Z25cVRJHFn8ph8cdO0,Rozwell Kid,Precious Art,0RleBUunpuPOEINL7MoSOc,Wendy's Trash Can,42,2020-12-18,18
83,4,29Wmfm1CojrjQ3aQP0FI65,All Them Witches,Lightning At The Door,2EvUjCWg5zeaeKxGeOaHPh,When God Comes Back,54,2020-12-18,17
84,5,3g43Z25cVRJHFn8ph8cdO0,Rozwell Kid,Too Shabby,7HjQRQ1f42ikbZ8gDb7B0m,Weirdo,33,2020-12-18,16
85,6,5WimOFbBnCU5wI6t5PPpEk,Shocking Blue,Scorpio's Dance,6EXOSA4BWBM1AUsXxKwYDT,Send Me A Postcard,54,2020-12-18,15
86,7,7x83XhcMbOTl1UdYsPTuZM,Tom Waits,Real Gone (Remastered),4H3K3jbAgNoDIbVcU6c6kg,Hoist That Rag,45,2020-12-18,14
87,8,5TYxZTjIPqKM8K8NuP9woO,C. Tangana,Tú Me Dejaste De Querer (feat. Niño de Elche & La Hungara),0XinBYhf1X3kdvKQHOX971,Tú Me Dejaste De Querer (feat. Niño de Elche & La Hungara),88,2020-12-18,13
88,9,3g43Z25cVRJHFn8ph8cdO0,Rozwell Kid,Too Shabby,0xDOL7sItKiKMw7hdyUwas,Kangaroo Pocket,35,2020-12-18,12
89,10,1X88xrhEvsoUjJ6EUHwiWF,Fuzz,Fuzz,1CW1CIucafZQqlqMHvCAZa,What's in My Head?,53,2020-12-18,11
90,11,0VKuugYO6uuSOCGO62vk0M,Flaco Jimenez,The Best of Flaco Jiménez,2u0s5fj0jWlUoIK4za8eEu,Un Mojado Sin Licensia,16,2020-12-18,10
91,12,6futYSDVulYR2PktBjTB5W,Big Daddy Kane,Daddy's Home,6fv8qrWMteFmNGzU6Jo0E4,Show & Prove,39,2020-12-18,9
92,13,3Oim8XBPbznAa8Jj8QzNc8,Cults,Static,2MZpnGSXiJamWiwsXpBLHW,I Can Hardly Make You Mine,38,2020-12-18,8
93,14,22bE4uQ6baNwSHPVcDxLCe,The Rolling Stones,Singles 1965-1967,1CKvinIoExZec5pv8OHtzU,Get Off Of My Cloud - (Original Single Mono Version),35,2020-12-18,7
94,15,5yC8tl2VVpS4HO758L0lSc,Cayetana,Nervous Like Me,3GO5zABb99dOHJPNUiyj0R,Serious Things Are Stupid,24,2020-12-18,6
95,16,0cc6vw3VN8YlIcvr1v7tBL,Mötley Crüe,Too Fast For Love,06EC9TibZK2mACTZ2usK1h,Live Wire,65,2020-12-18,5
96,17,4MpFa3J6Q842B9TBmAAl4S,Weird Owl,Nuclear Psychology,1yihwsSymgN8WSrqHKljSk,King of Flowers (ESP),13,2020-12-18,4
97,18,4gQ8biCMcMrOuBdJx639Q0,Ray Wylie Hubbard,Snake Farm,2vULyRIRIZH8dnw7lyXAcR,Snake Farm,50,2020-12-18,3
98,19,4FJPplt1JOVw8Q7NiwFmLv,Friend Within,For You,6xHMVdQMf3qeKK5UppJ8Ae,For You,47,2020-12-18,2
99,20,6Nwhmo3adbTqPMCsgBgkf4,Slothrust,Of Course You Do,4IvPEuTkgfHfDQIxcwfcZ0,Cubicle,33,2020-12-18,1
120,1,0cANwcqSsKJG0rpYFldfrV,Rose Hill Drive,Americana,4hXfw3LYoQTqfCf4K7Nxcd,Telepathic,36,2020-12-28,20
121,2,574PYry9WzUvHwvtxmKKSW,Antarctigo Vespucci,I'm so Tethered,0EGk96bwbJkpszncikwbSf,I Drew You Once in Art Class,34,2020-12-28,19
122,3,4FJPplt1JOVw8Q7NiwFmLv,Friend Within,For You,6xHMVdQMf3qeKK5UppJ8Ae,For You,46,2020-12-28,18
123,4,35l9BRT7MXmM8bv2WDQiyB,beabadoobee,Fake It Flowers,3r1qdSsvJEwiMKHeCWapMM,Worth It,55,2020-12-28,17
124,5,0xK5OqvQKGC1nNtl2pIbwX,Bob Log III,Guitar Party Power,7cpEBbFirsX4rq2zwqd96L,Ooo Ah Ooo Uh,10,2020-12-28,16
125,6,29Wmfm1CojrjQ3aQP0FI65,All Them Witches,Lightning At The Door,2EvUjCWg5zeaeKxGeOaHPh,When God Comes Back,53,2020-12-28,15
126,7,1Hs5RG6WIwUSJLxRYWaOW6,Great Grandpa,Plastic Cough,54jUzTyKnfpouJMuEgcO1s,Teen Challenge,36,2020-12-28,14
127,8,7x83XhcMbOTl1UdYsPTuZM,Tom Waits,Real Gone (Remastered),4H3K3jbAgNoDIbVcU6c6kg,Hoist That Rag,44,2020-12-28,13
128,9,5WimOFbBnCU5wI6t5PPpEk,Shocking Blue,Scorpio's Dance,6EXOSA4BWBM1AUsXxKwYDT,Send Me A Postcard,54,2020-12-28,12
129,10,4pdoRs7yHNXakMobf8M9Oz,SASAMI,Mess,0qGy2mmBbemdvjHy1cfmrD,Mess,36,2020-12-28,11
130,11,0X380XXQSNBYuleKzav5UO,Nine Inch Nails,The Slip,0Z4pLlygCvkTHmeQtYAbNH,Discipline,50,2020-12-28,10
131,12,1X88xrhEvsoUjJ6EUHwiWF,Fuzz,Fuzz,1CW1CIucafZQqlqMHvCAZa,What's in My Head?,52,2020-12-28,9
132,13,5TYxZTjIPqKM8K8NuP9woO,C. Tangana,Tú Me Dejaste De Querer (feat. Niño de Elche & La Hungara),0XinBYhf1X3kdvKQHOX971,Tú Me Dejaste De Querer (feat. Niño de Elche & La Hungara),88,2020-12-28,8
133,14,6futYSDVulYR2PktBjTB5W,Big Daddy Kane,Daddy's Home,6fv8qrWMteFmNGzU6Jo0E4,Show & Prove,38,2020-12-28,7
134,15,5n9jfCRA7AFY1JfYc5ZYK5,Becca Mancari,First Time,7o9gedLq27PNlVLU1XkGXI,Hunter,32,2020-12-28,6
135,16,3Oim8XBPbznAa8Jj8QzNc8,Cults,Static,2MZpnGSXiJamWiwsXpBLHW,I Can Hardly Make You Mine,38,2020-12-28,5
136,17,0cc6vw3VN8YlIcvr1v7tBL,Mötley Crüe,Too Fast For Love,06EC9TibZK2mACTZ2usK1h,Live Wire,64,2020-12-28,4
137,18,46fSG0TzqmL5OYqZpjh6pq,Mr. Bizz,Wired Thoughts,2tIXXYQN7GgbbhhU5hRf9T,Color Green,23,2020-12-28,3
138,19,0bbPxPcaed3Td8DqCxBmBP,Monolithic,Control/Aufsteigen,0Tjto4kvSPJ4Y8epUiZlqb,Sleet,27,2020-12-28,2
139,20,22bE4uQ6baNwSHPVcDxLCe,The Rolling Stones,Singles 1965-1967,1CKvinIoExZec5pv8OHtzU,Get Off Of My Cloud - (Original Single Mono Version),34,2020-12-28,1
140,1,0cANwcqSsKJG0rpYFldfrV,Rose Hill Drive,Americana,4hXfw3LYoQTqfCf4K7Nxcd,Telepathic,36,2020-12-29,20
141,2,574PYry9WzUvHwvtxmKKSW,Antarctigo Vespucci,I'm so Tethered,0EGk96bwbJkpszncikwbSf,I Drew You Once in Art Class,34,2020-12-29,19
142,3,4FJPplt1JOVw8Q7NiwFmLv,Friend Within,For You,6xHMVdQMf3qeKK5UppJ8Ae,For You,46,2020-12-29,18
143,4,35l9BRT7MXmM8bv2WDQiyB,beabadoobee,Fake It Flowers,3r1qdSsvJEwiMKHeCWapMM,Worth It,55,2020-12-29,17
144,5,29Wmfm1CojrjQ3aQP0FI65,All Them Witches,Lightning At The Door,2EvUjCWg5zeaeKxGeOaHPh,When God Comes Back,53,2020-12-29,16
145,6,0xK5OqvQKGC1nNtl2pIbwX,Bob Log III,Guitar Party Power,7cpEBbFirsX4rq2zwqd96L,Ooo Ah Ooo Uh,10,2020-12-29,15
146,7,1Hs5RG6WIwUSJLxRYWaOW6,Great Grandpa,Plastic Cough,54jUzTyKnfpouJMuEgcO1s,Teen Challenge,36,2020-12-29,14
147,8,7x83XhcMbOTl1UdYsPTuZM,Tom Waits,Real Gone (Remastered),4H3K3jbAgNoDIbVcU6c6kg,Hoist That Rag,44,2020-12-29,13
148,9,5n9jfCRA7AFY1JfYc5ZYK5,Becca Mancari,First Time,7o9gedLq27PNlVLU1XkGXI,Hunter,32,2020-12-29,12
149,10,5WimOFbBnCU5wI6t5PPpEk,Shocking Blue,Scorpio's Dance,6EXOSA4BWBM1AUsXxKwYDT,Send Me A Postcard,54,2020-12-29,11
150,11,4pdoRs7yHNXakMobf8M9Oz,SASAMI,Mess,0qGy2mmBbemdvjHy1cfmrD,Mess,36,2020-12-29,10
151,12,0X380XXQSNBYuleKzav5UO,Nine Inch Nails,The Slip,0Z4pLlygCvkTHmeQtYAbNH,Discipline,50,2020-12-29,9
152,13,1X88xrhEvsoUjJ6EUHwiWF,Fuzz,Fuzz,1CW1CIucafZQqlqMHvCAZa,What's in My Head?,52,2020-12-29,8
153,14,3Oim8XBPbznAa8Jj8QzNc8,Cults,Static,2MZpnGSXiJamWiwsXpBLHW,I Can Hardly Make You Mine,38,2020-12-29,7
154,15,5TYxZTjIPqKM8K8NuP9woO,C. Tangana,Tú Me Dejaste De Querer (feat. Niño de Elche & La Hungara),0XinBYhf1X3kdvKQHOX971,Tú Me Dejaste De Querer (feat. Niño de Elche & La Hungara),88,2020-12-29,6
155,16,0cc6vw3VN8YlIcvr1v7tBL,Mötley Crüe,Too Fast For Love,06EC9TibZK2mACTZ2usK1h,Live Wire,64,2020-12-29,5
156,17,46fSG0TzqmL5OYqZpjh6pq,Mr. Bizz,Wired Thoughts,2tIXXYQN7GgbbhhU5hRf9T,Color Green,23,2020-12-29,4
157,18,0bbPxPcaed3Td8DqCxBmBP,Monolithic,Control/Aufsteigen,0Tjto4kvSPJ4Y8epUiZlqb,Sleet,27,2020-12-29,3
158,19,3DuG56Wukk4WUH80GyVGED,Andrea Marino,No Problems,3ozTDoLfbvTSG3vNpaEnCp,No Problems,32,2020-12-29,2
159,20,0uCCBpmg6MrPb1KY2msceF,Burial,Rodent,763CSL9s7xd0tAPCrLysYc,Rodent,35,2020-12-29,1
160,1,0cANwcqSsKJG0rpYFldfrV,Rose Hill Drive,Americana,4hXfw3LYoQTqfCf4K7Nxcd,Telepathic,36,2020-12-30,20
161,2,574PYry9WzUvHwvtxmKKSW,Antarctigo Vespucci,I'm so Tethered,0EGk96bwbJkpszncikwbSf,I Drew You Once in Art Class,35,2020-12-30,19
162,3,4FJPplt1JOVw8Q7NiwFmLv,Friend Within,For You,6xHMVdQMf3qeKK5UppJ8Ae,For You,47,2020-12-30,18
163,4,35l9BRT7MXmM8bv2WDQiyB,beabadoobee,Fake It Flowers,3r1qdSsvJEwiMKHeCWapMM,Worth It,55,2020-12-30,17
164,5,29Wmfm1CojrjQ3aQP0FI65,All Them Witches,Lightning At The Door,2EvUjCWg5zeaeKxGeOaHPh,When God Comes Back,53,2020-12-30,16
165,6,1Hs5RG6WIwUSJLxRYWaOW6,Great Grandpa,Plastic Cough,54jUzTyKnfpouJMuEgcO1s,Teen Challenge,36,2020-12-30,15
166,7,7x83XhcMbOTl1UdYsPTuZM,Tom Waits,Real Gone (Remastered),4H3K3jbAgNoDIbVcU6c6kg,Hoist That Rag,45,2020-12-30,14
167,8,5n9jfCRA7AFY1JfYc5ZYK5,Becca Mancari,First Time,7o9gedLq27PNlVLU1XkGXI,Hunter,32,2020-12-30,13
168,9,0xK5OqvQKGC1nNtl2pIbwX,Bob Log III,Guitar Party Power,7cpEBbFirsX4rq2zwqd96L,Ooo Ah Ooo Uh,10,2020-12-30,12
169,10,0uCCBpmg6MrPb1KY2msceF,Burial,Rodent,763CSL9s7xd0tAPCrLysYc,Rodent,35,2020-12-30,11
170,11,4pdoRs7yHNXakMobf8M9Oz,SASAMI,Mess,0qGy2mmBbemdvjHy1cfmrD,Mess,37,2020-12-30,10
171,12,1X88xrhEvsoUjJ6EUHwiWF,Fuzz,Fuzz,1CW1CIucafZQqlqMHvCAZa,What's in My Head?,52,2020-12-30,9
172,13,3Oim8XBPbznAa8Jj8QzNc8,Cults,Static,2MZpnGSXiJamWiwsXpBLHW,I Can Hardly Make You Mine,38,2020-12-30,8
173,14,5TYxZTjIPqKM8K8NuP9woO,C. Tangana,Tú Me Dejaste De Querer (feat. Niño de Elche & La Hungara),0XinBYhf1X3kdvKQHOX971,Tú Me Dejaste De Querer (feat. Niño de Elche & La Hungara),88,2020-12-30,7
174,15,5WimOFbBnCU5wI6t5PPpEk,Shocking Blue,Scorpio's Dance,6EXOSA4BWBM1AUsXxKwYDT,Send Me A Postcard,54,2020-12-30,6
175,16,0X380XXQSNBYuleKzav5UO,Nine Inch Nails,The Slip,0Z4pLlygCvkTHmeQtYAbNH,Discipline,50,2020-12-30,5
176,17,46fSG0TzqmL5OYqZpjh6pq,Mr. Bizz,Wired Thoughts,2tIXXYQN7GgbbhhU5hRf9T,Color Green,24,2020-12-30,4
177,18,0bbPxPcaed3Td8DqCxBmBP,Monolithic,Control/Aufsteigen,0Tjto4kvSPJ4Y8epUiZlqb,Sleet,27,2020-12-30,3
178,19,19zqV9DV3txjMUjHvltl2D,Motion City Soundtrack,Even If It Kills Me,24zvL59ZN1uTkvuQheAR0V,Fell In Love Without You,33,2020-12-30,2
179,20,3DuG56Wukk4WUH80GyVGED,Andrea Marino,No Problems,3ozTDoLfbvTSG3vNpaEnCp,No Problems,33,2020-12-30,1
180,1,0cANwcqSsKJG0rpYFldfrV,Rose Hill Drive,Americana,4hXfw3LYoQTqfCf4K7Nxcd,Telepathic,37,2021-01-01,20
181,2,574PYry9WzUvHwvtxmKKSW,Antarctigo Vespucci,I'm so Tethered,0EGk96bwbJkpszncikwbSf,I Drew You Once in Art Class,35,2021-01-01,19
182,3,4FJPplt1JOVw8Q7NiwFmLv,Friend Within,For You,6xHMVdQMf3qeKK5UppJ8Ae,For You,47,2021-01-01,18
183,4,35l9BRT7MXmM8bv2WDQiyB,beabadoobee,Fake It Flowers,3r1qdSsvJEwiMKHeCWapMM,Worth It,56,2021-01-01,17
184,5,1Hs5RG6WIwUSJLxRYWaOW6,Great Grandpa,Plastic Cough,54jUzTyKnfpouJMuEgcO1s,Teen Challenge,37,2021-01-01,16
185,6,7x83XhcMbOTl1UdYsPTuZM,Tom Waits,Real Gone (Remastered),4H3K3jbAgNoDIbVcU6c6kg,Hoist That Rag,45,2021-01-01,15
186,7,29Wmfm1CojrjQ3aQP0FI65,All Them Witches,Lightning At The Door,2EvUjCWg5zeaeKxGeOaHPh,When God Comes Back,54,2021-01-01,14
187,8,5n9jfCRA7AFY1JfYc5ZYK5,Becca Mancari,First Time,7o9gedLq27PNlVLU1XkGXI,Hunter,33,2021-01-01,13
188,9,3Oim8XBPbznAa8Jj8QzNc8,Cults,Static,2MZpnGSXiJamWiwsXpBLHW,I Can Hardly Make You Mine,39,2021-01-01,12
189,10,0uCCBpmg6MrPb1KY2msceF,Burial,Rodent,763CSL9s7xd0tAPCrLysYc,Rodent,36,2021-01-01,11
190,11,4pdoRs7yHNXakMobf8M9Oz,SASAMI,Mess,0qGy2mmBbemdvjHy1cfmrD,Mess,37,2021-01-01,10
191,12,1X88xrhEvsoUjJ6EUHwiWF,Fuzz,Fuzz,1CW1CIucafZQqlqMHvCAZa,What's in My Head?,53,2021-01-01,9
192,13,5TYxZTjIPqKM8K8NuP9woO,C. Tangana,Tú Me Dejaste De Querer (feat. Niño de Elche & La Hungara),0XinBYhf1X3kdvKQHOX971,Tú Me Dejaste De Querer (feat. Niño de Elche & La Hungara),88,2021-01-01,8
193,14,5WimOFbBnCU5wI6t5PPpEk,Shocking Blue,Scorpio's Dance,6EXOSA4BWBM1AUsXxKwYDT,Send Me A Postcard,55,2021-01-01,7
194,15,0xK5OqvQKGC1nNtl2pIbwX,Bob Log III,Guitar Party Power,7cpEBbFirsX4rq2zwqd96L,Ooo Ah Ooo Uh,11,2021-01-01,6
195,16,0cc6vw3VN8YlIcvr1v7tBL,Mötley Crüe,Too Fast For Love,06EC9TibZK2mACTZ2usK1h,Live Wire,65,2021-01-01,5
196,17,5Igpc9iLZ3YGtKeYfSrrOE,Chris Lake,The Answer,3u3ni5vvXU7WNu1cw5MdFs,Feel So Good,51,2021-01-01,4
197,18,46fSG0TzqmL5OYqZpjh6pq,Mr. Bizz,Wired Thoughts,2tIXXYQN7GgbbhhU5hRf9T,Color Green,24,2021-01-01,3
198,19,0X380XXQSNBYuleKzav5UO,Nine Inch Nails,The Slip,0Z4pLlygCvkTHmeQtYAbNH,Discipline,51,2021-01-01,2
199,20,0bbPxPcaed3Td8DqCxBmBP,Monolithic,Control/Aufsteigen,0Tjto4kvSPJ4Y8epUiZlqb,Sleet,28,2021-01-01,1
200,1,4FJPplt1JOVw8Q7NiwFmLv,Friend Within,For You,6xHMVdQMf3qeKK5UppJ8Ae,For You,47,2021-01-02,20
201,2,574PYry9WzUvHwvtxmKKSW,Antarctigo Vespucci,I'm so Tethered,0EGk96bwbJkpszncikwbSf,I Drew You Once in Art Class,36,2021-01-02,19
202,3,0cANwcqSsKJG0rpYFldfrV,Rose Hill Drive,Americana,4hXfw3LYoQTqfCf4K7Nxcd,Telepathic,37,2021-01-02,18
203,4,35l9BRT7MXmM8bv2WDQiyB,beabadoobee,Fake It Flowers,3r1qdSsvJEwiMKHeCWapMM,Worth It,57,2021-01-02,17
204,5,1Hs5RG6WIwUSJLxRYWaOW6,Great Grandpa,Plastic Cough,54jUzTyKnfpouJMuEgcO1s,Teen Challenge,37,2021-01-02,16
205,6,5n9jfCRA7AFY1JfYc5ZYK5,Becca Mancari,First Time,7o9gedLq27PNlVLU1XkGXI,Hunter,33,2021-01-02,15
206,7,7x83XhcMbOTl1UdYsPTuZM,Tom Waits,Real Gone (Remastered),4H3K3jbAgNoDIbVcU6c6kg,Hoist That Rag,46,2021-01-02,14
207,8,0uCCBpmg6MrPb1KY2msceF,Burial,Rodent,763CSL9s7xd0tAPCrLysYc,Rodent,36,2021-01-02,13
208,9,29Wmfm1CojrjQ3aQP0FI65,All Them Witches,Lightning At The Door,2EvUjCWg5zeaeKxGeOaHPh,When God Comes Back,54,2021-01-02,12
209,10,4pdoRs7yHNXakMobf8M9Oz,SASAMI,Mess,0qGy2mmBbemdvjHy1cfmrD,Mess,37,2021-01-02,11
210,11,3Oim8XBPbznAa8Jj8QzNc8,Cults,Static,2MZpnGSXiJamWiwsXpBLHW,I Can Hardly Make You Mine,39,2021-01-02,10
211,12,1X88xrhEvsoUjJ6EUHwiWF,Fuzz,Fuzz,1CW1CIucafZQqlqMHvCAZa,What's in My Head?,53,2021-01-02,9
212,13,5TYxZTjIPqKM8K8NuP9woO,C. Tangana,Tú Me Dejaste De Querer (feat. Niño de Elche & La Hungara),0XinBYhf1X3kdvKQHOX971,Tú Me Dejaste De Querer (feat. Niño de Elche & La Hungara),89,2021-01-02,8
213,14,5WimOFbBnCU5wI6t5PPpEk,Shocking Blue,Scorpio's Dance,6EXOSA4BWBM1AUsXxKwYDT,Send Me A Postcard,55,2021-01-02,7
214,15,0xK5OqvQKGC1nNtl2pIbwX,Bob Log III,Guitar Party Power,7cpEBbFirsX4rq2zwqd96L,Ooo Ah Ooo Uh,11,2021-01-02,6
215,16,5Igpc9iLZ3YGtKeYfSrrOE,Chris Lake,The Answer,3u3ni5vvXU7WNu1cw5MdFs,Feel So Good,52,2021-01-02,5
216,17,46fSG0TzqmL5OYqZpjh6pq,Mr. Bizz,Wired Thoughts,2tIXXYQN7GgbbhhU5hRf9T,Color Green,24,2021-01-02,4
217,18,0cc6vw3VN8YlIcvr1v7tBL,Mötley Crüe,Too Fast For Love,06EC9TibZK2mACTZ2usK1h,Live Wire,66,2021-01-02,3
218,19,0bbPxPcaed3Td8DqCxBmBP,Monolithic,Control/Aufsteigen,0Tjto4kvSPJ4Y8epUiZlqb,Sleet,28,2021-01-02,2
219,20,19zqV9DV3txjMUjHvltl2D,Motion City Soundtrack,Even If It Kills Me,24zvL59ZN1uTkvuQheAR0V,Fell In Love Without You,34,2021-01-02,1
220,1,4FJPplt1JOVw8Q7NiwFmLv,Friend Within,For You,6xHMVdQMf3qeKK5UppJ8Ae,For You,48,2021-01-03,20
221,2,574PYry9WzUvHwvtxmKKSW,Antarctigo Vespucci,I'm so Tethered,0EGk96bwbJkpszncikwbSf,I Drew You Once in Art Class,36,2021-01-03,19
222,3,0cANwcqSsKJG0rpYFldfrV,Rose Hill Drive,Americana,4hXfw3LYoQTqfCf4K7Nxcd,Telepathic,37,2021-01-03,18
223,4,35l9BRT7MXmM8bv2WDQiyB,beabadoobee,Fake It Flowers,3r1qdSsvJEwiMKHeCWapMM,Worth It,57,2021-01-03,17
224,5,1Hs5RG6WIwUSJLxRYWaOW6,Great Grandpa,Plastic Cough,54jUzTyKnfpouJMuEgcO1s,Teen Challenge,38,2021-01-03,16
225,6,0uCCBpmg6MrPb1KY2msceF,Burial,Rodent,763CSL9s7xd0tAPCrLysYc,Rodent,36,2021-01-03,15
226,7,5n9jfCRA7AFY1JfYc5ZYK5,Becca Mancari,First Time,7o9gedLq27PNlVLU1XkGXI,Hunter,33,2021-01-03,14
227,8,4pdoRs7yHNXakMobf8M9Oz,SASAMI,Mess,0qGy2mmBbemdvjHy1cfmrD,Mess,38,2021-01-03,13
228,9,3Oim8XBPbznAa8Jj8QzNc8,Cults,Static,2MZpnGSXiJamWiwsXpBLHW,I Can Hardly Make You Mine,40,2021-01-03,12
229,10,5Igpc9iLZ3YGtKeYfSrrOE,Chris Lake,The Answer,3u3ni5vvXU7WNu1cw5MdFs,Feel So Good,52,2021-01-03,11
230,11,29Wmfm1CojrjQ3aQP0FI65,All Them Witches,Lightning At The Door,2EvUjCWg5zeaeKxGeOaHPh,When God Comes Back,54,2021-01-03,10
231,12,0X380XXQSNBYuleKzav5UO,Nine Inch Nails,The Slip,0Z4pLlygCvkTHmeQtYAbNH,Discipline,52,2021-01-03,9
232,13,7x83XhcMbOTl1UdYsPTuZM,Tom Waits,Real Gone (Remastered),4H3K3jbAgNoDIbVcU6c6kg,Hoist That Rag,46,2021-01-03,8
233,14,1X88xrhEvsoUjJ6EUHwiWF,Fuzz,Fuzz,1CW1CIucafZQqlqMHvCAZa,What's in My Head?,54,2021-01-03,7
234,15,46fSG0TzqmL5OYqZpjh6pq,Mr. Bizz,Wired Thoughts,2tIXXYQN7GgbbhhU5hRf9T,Color Green,25,2021-01-03,6
235,16,0cc6vw3VN8YlIcvr1v7tBL,Mötley Crüe,Too Fast For Love,06EC9TibZK2mACTZ2usK1h,Live Wire,66,2021-01-03,5
236,17,0bbPxPcaed3Td8DqCxBmBP,Monolithic,Control/Aufsteigen,0Tjto4kvSPJ4Y8epUiZlqb,Sleet,28,2021-01-03,4
237,18,5TYxZTjIPqKM8K8NuP9woO,C. Tangana,Tú Me Dejaste De Querer (feat. Niño de Elche & La Hungara),0XinBYhf1X3kdvKQHOX971,Tú Me Dejaste De Querer (feat. Niño de Elche & La Hungara),89,2021-01-03,3
238,19,19zqV9DV3txjMUjHvltl2D,Motion City Soundtrack,Even If It Kills Me,24zvL59ZN1uTkvuQheAR0V,Fell In Love Without You,34,2021-01-03,2
239,20,64mPnRMMeudAet0E62ypkx,Primus,Tales From The Punchbowl,6Jjq0Q9YsoMvK9WeQs4kjs,Professor Nutbutter's House Of Treats,33,2021-01-03,1
240,1,4FJPplt1JOVw8Q7NiwFmLv,Friend Within,For You,6xHMVdQMf3qeKK5UppJ8Ae,For You,48,2021-01-04,20
241,2,574PYry9WzUvHwvtxmKKSW,Antarctigo Vespucci,I'm so Tethered,0EGk96bwbJkpszncikwbSf,I Drew You Once in Art Class,36,2021-01-04,19
242,3,35l9BRT7MXmM8bv2WDQiyB,beabadoobee,Fake It Flowers,3r1qdSsvJEwiMKHeCWapMM,Worth It,57,2021-01-04,18
243,4,0cANwcqSsKJG0rpYFldfrV,Rose Hill Drive,Americana,4hXfw3LYoQTqfCf4K7Nxcd,Telepathic,37,2021-01-04,17
244,5,1Hs5RG6WIwUSJLxRYWaOW6,Great Grandpa,Plastic Cough,54jUzTyKnfpouJMuEgcO1s,Teen Challenge,38,2021-01-04,16
245,6,0uCCBpmg6MrPb1KY2msceF,Burial,Rodent,763CSL9s7xd0tAPCrLysYc,Rodent,36,2021-01-04,15
246,7,5n9jfCRA7AFY1JfYc5ZYK5,Becca Mancari,First Time,7o9gedLq27PNlVLU1XkGXI,Hunter,34,2021-01-04,14
247,8,4pdoRs7yHNXakMobf8M9Oz,SASAMI,Mess,0qGy2mmBbemdvjHy1cfmrD,Mess,38,2021-01-04,13
248,9,5Igpc9iLZ3YGtKeYfSrrOE,Chris Lake,The Answer,3u3ni5vvXU7WNu1cw5MdFs,Feel So Good,53,2021-01-04,12
249,10,3Oim8XBPbznAa8Jj8QzNc8,Cults,Static,2MZpnGSXiJamWiwsXpBLHW,I Can Hardly Make You Mine,40,2021-01-04,11
250,11,19zqV9DV3txjMUjHvltl2D,Motion City Soundtrack,Even If It Kills Me,24zvL59ZN1uTkvuQheAR0V,Fell In Love Without You,34,2021-01-04,10
251,12,46fSG0TzqmL5OYqZpjh6pq,Mr. Bizz,Wired Thoughts,2tIXXYQN7GgbbhhU5hRf9T,Color Green,25,2021-01-04,9
252,13,0cc6vw3VN8YlIcvr1v7tBL,Mötley Crüe,Too Fast For Love,06EC9TibZK2mACTZ2usK1h,Live Wire,66,2021-01-04,8
253,14,64mPnRMMeudAet0E62ypkx,Primus,Tales From The Punchbowl,6Jjq0Q9YsoMvK9WeQs4kjs,Professor Nutbutter's House Of Treats,33,2021-01-04,7
254,15,0bbPxPcaed3Td8DqCxBmBP,Monolithic,Control/Aufsteigen,0Tjto4kvSPJ4Y8epUiZlqb,Sleet,28,2021-01-04,6
255,16,0X380XXQSNBYuleKzav5UO,Nine Inch Nails,The Slip,0Z4pLlygCvkTHmeQtYAbNH,Discipline,52,2021-01-04,5
256,17,0uI2HyW0eIbTbyH3S2XDHI,King Tuff,Black Moon Spell,6V3zT1j43wmQU8Mk2rT35K,Black Moon Spell,41,2021-01-04,4
257,18,1X88xrhEvsoUjJ6EUHwiWF,Fuzz,Fuzz,1CW1CIucafZQqlqMHvCAZa,What's in My Head?,54,2021-01-04,3
258,19,3DuG56Wukk4WUH80GyVGED,Andrea Marino,No Problems,3ozTDoLfbvTSG3vNpaEnCp,No Problems,35,2021-01-04,2
259,20,4xfA60YoR4UbBxuOn9WXJq,A*S*Y*S,The Acid (Originial Version),5EK4UC92m4WqdSHYMFwQ2B,The Acid - Original Version,44,2021-01-04,1
260,1,4FJPplt1JOVw8Q7NiwFmLv,Friend Within,For You,6xHMVdQMf3qeKK5UppJ8Ae,For You,48,2021-01-05,20
261,2,574PYry9WzUvHwvtxmKKSW,Antarctigo Vespucci,I'm so Tethered,0EGk96bwbJkpszncikwbSf,I Drew You Once in Art Class,36,2021-01-05,19
262,3,35l9BRT7MXmM8bv2WDQiyB,beabadoobee,Fake It Flowers,3r1qdSsvJEwiMKHeCWapMM,Worth It,57,2021-01-05,18
263,4,0cANwcqSsKJG0rpYFldfrV,Rose Hill Drive,Americana,4hXfw3LYoQTqfCf4K7Nxcd,Telepathic,37,2021-01-05,17
264,5,1Hs5RG6WIwUSJLxRYWaOW6,Great Grandpa,Plastic Cough,54jUzTyKnfpouJMuEgcO1s,Teen Challenge,38,2021-01-05,16
265,6,0uCCBpmg6MrPb1KY2msceF,Burial,Rodent,763CSL9s7xd0tAPCrLysYc,Rodent,37,2021-01-05,15
266,7,5n9jfCRA7AFY1JfYc5ZYK5,Becca Mancari,First Time,7o9gedLq27PNlVLU1XkGXI,Hunter,34,2021-01-05,14
267,8,4pdoRs7yHNXakMobf8M9Oz,SASAMI,Mess,0qGy2mmBbemdvjHy1cfmrD,Mess,38,2021-01-05,13
268,9,5Igpc9iLZ3YGtKeYfSrrOE,Chris Lake,The Answer,3u3ni5vvXU7WNu1cw5MdFs,Feel So Good,53,2021-01-05,12
269,10,3Oim8XBPbznAa8Jj8QzNc8,Cults,Static,2MZpnGSXiJamWiwsXpBLHW,I Can Hardly Make You Mine,40,2021-01-05,11
270,11,0X380XXQSNBYuleKzav5UO,Nine Inch Nails,The Slip,0Z4pLlygCvkTHmeQtYAbNH,Discipline,52,2021-01-05,10
271,12,19zqV9DV3txjMUjHvltl2D,Motion City Soundtrack,Even If It Kills Me,24zvL59ZN1uTkvuQheAR0V,Fell In Love Without You,34,2021-01-05,9
272,13,46fSG0TzqmL5OYqZpjh6pq,Mr. Bizz,Wired Thoughts,2tIXXYQN7GgbbhhU5hRf9T,Color Green,25,2021-01-05,8
273,14,0cc6vw3VN8YlIcvr1v7tBL,Mötley Crüe,Too Fast For Love,06EC9TibZK2mACTZ2usK1h,Live Wire,66,2021-01-05,7
274,15,64mPnRMMeudAet0E62ypkx,Primus,Tales From The Punchbowl,6Jjq0Q9YsoMvK9WeQs4kjs,Professor Nutbutter's House Of Treats,33,2021-01-05,6
275,16,0bbPxPcaed3Td8DqCxBmBP,Monolithic,Control/Aufsteigen,0Tjto4kvSPJ4Y8epUiZlqb,Sleet,28,2021-01-05,5
276,17,3OOEKzLNBzkeQWCKun4UXe,Francis Inferno Orchestra,Where Will You Be Spending Eternity?,1sWLKYeMhFOUd7QjVbxbK3,Harmony - Original Mix,37,2021-01-05,4
277,18,0uI2HyW0eIbTbyH3S2XDHI,King Tuff,Black Moon Spell,6V3zT1j43wmQU8Mk2rT35K,Black Moon Spell,42,2021-01-05,3
278,19,1X88xrhEvsoUjJ6EUHwiWF,Fuzz,Fuzz,1CW1CIucafZQqlqMHvCAZa,What's in My Head?,54,2021-01-05,2
279,20,3DuG56Wukk4WUH80GyVGED,Andrea Marino,No Problems,3ozTDoLfbvTSG3vNpaEnCp,No Problems,35,2021-01-05,1
280,1,574PYry9WzUvHwvtxmKKSW,Antarctigo Vespucci,I'm so Tethered,0EGk96bwbJkpszncikwbSf,I Drew You Once in Art Class,37,2021-01-11,20
281,2,4FJPplt1JOVw8Q7NiwFmLv,Friend Within,For You,6xHMVdQMf3qeKK5UppJ8Ae,For You,48,2021-01-11,19
282,3,35l9BRT7MXmM8bv2WDQiyB,beabadoobee,Fake It Flowers,3r1qdSsvJEwiMKHeCWapMM,Worth It,58,2021-01-11,18
283,4,1Hs5RG6WIwUSJLxRYWaOW6,Great Grandpa,Plastic Cough,54jUzTyKnfpouJMuEgcO1s,Teen Challenge,38,2021-01-11,17
284,5,0uCCBpmg6MrPb1KY2msceF,Burial,Rodent,763CSL9s7xd0tAPCrLysYc,Rodent,37,2021-01-11,16
285,6,5n9jfCRA7AFY1JfYc5ZYK5,Becca Mancari,First Time,7o9gedLq27PNlVLU1XkGXI,Hunter,35,2021-01-11,15
286,7,5Igpc9iLZ3YGtKeYfSrrOE,Chris Lake,The Answer,3u3ni5vvXU7WNu1cw5MdFs,Feel So Good,53,2021-01-11,14
287,8,4pdoRs7yHNXakMobf8M9Oz,SASAMI,Mess,0qGy2mmBbemdvjHy1cfmrD,Mess,38,2021-01-11,13
288,9,19zqV9DV3txjMUjHvltl2D,Motion City Soundtrack,Even If It Kills Me,24zvL59ZN1uTkvuQheAR0V,Fell In Love Without You,34,2021-01-11,12
289,10,64mPnRMMeudAet0E62ypkx,Primus,Tales From The Punchbowl,6Jjq0Q9YsoMvK9WeQs4kjs,Professor Nutbutter's House Of Treats,33,2021-01-11,11
290,11,0uI2HyW0eIbTbyH3S2XDHI,King Tuff,Black Moon Spell,6V3zT1j43wmQU8Mk2rT35K,Black Moon Spell,42,2021-01-11,10
291,12,3OOEKzLNBzkeQWCKun4UXe,Francis Inferno Orchestra,Where Will You Be Spending Eternity?,1sWLKYeMhFOUd7QjVbxbK3,Harmony - Original Mix,38,2021-01-11,9
292,13,0bbPxPcaed3Td8DqCxBmBP,Monolithic,Control/Aufsteigen,0Tjto4kvSPJ4Y8epUiZlqb,Sleet,28,2021-01-11,8
293,14,0cc6vw3VN8YlIcvr1v7tBL,Mötley Crüe,Too Fast For Love,06EC9TibZK2mACTZ2usK1h,Live Wire,66,2021-01-11,7
294,15,0X380XXQSNBYuleKzav5UO,Nine Inch Nails,The Slip,0Z4pLlygCvkTHmeQtYAbNH,Discipline,52,2021-01-11,6
295,16,1AMMMSq3rJdZtFGnBXEkz7,King Tubby,Dub From The Roots,1wlI1cmH83MXgTRfq7z6v4,Conversation Dub (Bonus Track),31,2021-01-11,5
296,17,2TOcbvWbyh2rWEKBdCwpUS,Makam,The Hague Soul,5Qx955brXRW3Y0zi3wioBh,The Hague Soul,29,2021-01-11,4
297,18,46fSG0TzqmL5OYqZpjh6pq,Mr. Bizz,Wired Thoughts,2tIXXYQN7GgbbhhU5hRf9T,Color Green,25,2021-01-11,3
298,19,3DuG56Wukk4WUH80GyVGED,Andrea Marino,No Problems,3ozTDoLfbvTSG3vNpaEnCp,No Problems,35,2021-01-11,2
299,20,4xfA60YoR4UbBxuOn9WXJq,A*S*Y*S,The Acid (Originial Version),5EK4UC92m4WqdSHYMFwQ2B,The Acid - Original Version,44,2021-01-11,1
300,1,574PYry9WzUvHwvtxmKKSW,Antarctigo Vespucci,I'm so Tethered,0EGk96bwbJkpszncikwbSf,I Drew You Once in Art Class,37,2021-01-12,20
301,2,35l9BRT7MXmM8bv2WDQiyB,beabadoobee,Fake It Flowers,3r1qdSsvJEwiMKHeCWapMM,Worth It,58,2021-01-12,19
302,3,4FJPplt1JOVw8Q7NiwFmLv,Friend Within,For You,6xHMVdQMf3qeKK5UppJ8Ae,For You,48,2021-01-12,18
303,4,1Hs5RG6WIwUSJLxRYWaOW6,Great Grandpa,Plastic Cough,54jUzTyKnfpouJMuEgcO1s,Teen Challenge,38,2021-01-12,17
304,5,0uCCBpmg6MrPb1KY2msceF,Burial,Rodent,763CSL9s7xd0tAPCrLysYc,Rodent,37,2021-01-12,16
305,6,5n9jfCRA7AFY1JfYc5ZYK5,Becca Mancari,First Time,7o9gedLq27PNlVLU1XkGXI,Hunter,35,2021-01-12,15
306,7,5Igpc9iLZ3YGtKeYfSrrOE,Chris Lake,The Answer,3u3ni5vvXU7WNu1cw5MdFs,Feel So Good,53,2021-01-12,14
307,8,4pdoRs7yHNXakMobf8M9Oz,SASAMI,Mess,0qGy2mmBbemdvjHy1cfmrD,Mess,38,2021-01-12,13
308,9,0bbPxPcaed3Td8DqCxBmBP,Monolithic,Control/Aufsteigen,0Tjto4kvSPJ4Y8epUiZlqb,Sleet,28,2021-01-12,12
309,10,19zqV9DV3txjMUjHvltl2D,Motion City Soundtrack,Even If It Kills Me,24zvL59ZN1uTkvuQheAR0V,Fell In Love Without You,34,2021-01-12,11
310,11,0uI2HyW0eIbTbyH3S2XDHI,King Tuff,Black Moon Spell,6V3zT1j43wmQU8Mk2rT35K,Black Moon Spell,42,2021-01-12,10
311,12,64mPnRMMeudAet0E62ypkx,Primus,Tales From The Punchbowl,6Jjq0Q9YsoMvK9WeQs4kjs,Professor Nutbutter's House Of Treats,33,2021-01-12,9
312,13,3OOEKzLNBzkeQWCKun4UXe,Francis Inferno Orchestra,Where Will You Be Spending Eternity?,1sWLKYeMhFOUd7QjVbxbK3,Harmony - Original Mix,38,2021-01-12,8
313,14,0cc6vw3VN8YlIcvr1v7tBL,Mötley Crüe,Too Fast For Love,06EC9TibZK2mACTZ2usK1h,Live Wire,66,2021-01-12,7
314,15,2TOcbvWbyh2rWEKBdCwpUS,Makam,The Hague Soul,5Qx955brXRW3Y0zi3wioBh,The Hague Soul,29,2021-01-12,6
315,16,0X380XXQSNBYuleKzav5UO,Nine Inch Nails,The Slip,0Z4pLlygCvkTHmeQtYAbNH,Discipline,52,2021-01-12,5
316,17,1AMMMSq3rJdZtFGnBXEkz7,King Tubby,Dub From The Roots,1wlI1cmH83MXgTRfq7z6v4,Conversation Dub (Bonus Track),31,2021-01-12,4
317,18,46fSG0TzqmL5OYqZpjh6pq,Mr. Bizz,Wired Thoughts,2tIXXYQN7GgbbhhU5hRf9T,Color Green,25,2021-01-12,3
318,19,3DuG56Wukk4WUH80GyVGED,Andrea Marino,No Problems,3ozTDoLfbvTSG3vNpaEnCp,No Problems,35,2021-01-12,2
319,20,4xfA60YoR4UbBxuOn9WXJq,A*S*Y*S,The Acid (Originial Version),5EK4UC92m4WqdSHYMFwQ2B,The Acid - Original Version,44,2021-01-12,1
320,1,574PYry9WzUvHwvtxmKKSW,Antarctigo Vespucci,I'm so Tethered,0EGk96bwbJkpszncikwbSf,I Drew You Once in Art Class,37,2021-01-13,20
321,2,35l9BRT7MXmM8bv2WDQiyB,beabadoobee,Fake It Flowers,3r1qdSsvJEwiMKHeCWapMM,Worth It,58,2021-01-13,19
322,3,5Igpc9iLZ3YGtKeYfSrrOE,Chris Lake,The Answer,3u3ni5vvXU7WNu1cw5MdFs,Feel So Good,53,2021-01-13,18
323,4,0uCCBpmg6MrPb1KY2msceF,Burial,Rodent,763CSL9s7xd0tAPCrLysYc,Rodent,37,2021-01-13,17
324,5,1Hs5RG6WIwUSJLxRYWaOW6,Great Grandpa,Plastic Cough,54jUzTyKnfpouJMuEgcO1s,Teen Challenge,38,2021-01-13,16
325,6,4FJPplt1JOVw8Q7NiwFmLv,Friend Within,For You,6xHMVdQMf3qeKK5UppJ8Ae,For You,48,2021-01-13,15
326,7,5n9jfCRA7AFY1JfYc5ZYK5,Becca Mancari,First Time,7o9gedLq27PNlVLU1XkGXI,Hunter,35,2021-01-13,14
327,8,4pdoRs7yHNXakMobf8M9Oz,SASAMI,Mess,0qGy2mmBbemdvjHy1cfmrD,Mess,38,2021-01-13,13
328,9,19zqV9DV3txjMUjHvltl2D,Motion City Soundtrack,Even If It Kills Me,24zvL59ZN1uTkvuQheAR0V,Fell In Love Without You,34,2021-01-13,12
329,10,0uI2HyW0eIbTbyH3S2XDHI,King Tuff,Black Moon Spell,6V3zT1j43wmQU8Mk2rT35K,Black Moon Spell,42,2021-01-13,11
330,11,0bbPxPcaed3Td8DqCxBmBP,Monolithic,Control/Aufsteigen,0Tjto4kvSPJ4Y8epUiZlqb,Sleet,28,2021-01-13,10
331,12,64mPnRMMeudAet0E62ypkx,Primus,Tales From The Punchbowl,6Jjq0Q9YsoMvK9WeQs4kjs,Professor Nutbutter's House Of Treats,33,2021-01-13,9
332,13,3OOEKzLNBzkeQWCKun4UXe,Francis Inferno Orchestra,Where Will You Be Spending Eternity?,1sWLKYeMhFOUd7QjVbxbK3,Harmony - Original Mix,38,2021-01-13,8
333,14,1AMMMSq3rJdZtFGnBXEkz7,King Tubby,Dub From The Roots,1wlI1cmH83MXgTRfq7z6v4,Conversation Dub (Bonus Track),31,2021-01-13,7
334,15,0cc6vw3VN8YlIcvr1v7tBL,Mötley Crüe,Too Fast For Love,06EC9TibZK2mACTZ2usK1h,Live Wire,66,2021-01-13,6
335,16,4xfA60YoR4UbBxuOn9WXJq,A*S*Y*S,The Acid (Originial Version),5EK4UC92m4WqdSHYMFwQ2B,The Acid - Original Version,44,2021-01-13,5
336,17,1VBflYyxBhnDc9uVib98rw,Icona Pop,THIS IS... ICONA POP,6HZ9VeI5IRFCNQLXhpF4bq,I Love It (feat. Charli XCX),68,2021-01-13,4
337,18,0IK6TvlarNMoBZ7KdyjZIf,MC Chris,Eating's Not Cheating,35Iw3lqvZo6o26uey4sskB,Mcchrisownz,18,2021-01-13,3
338,19,7Hr9bE0u9Rl5n6QahVNRnc,Shiba San,Rock Da House,2MErAwy2PGzGgPlRliGCrS,Rock Da House,41,2021-01-13,2
339,20,0gztzLIt9uRDJd4Jl9TSLY,Jansons,Switch (TCTS Remix),77UXjXg7hM6RQDL9piic5o,Switch - TCTS Remix,41,2021-01-13,1
340,1,5Igpc9iLZ3YGtKeYfSrrOE,Chris Lake,The Answer,3u3ni5vvXU7WNu1cw5MdFs,Feel So Good,53,2021-01-14,20
341,2,574PYry9WzUvHwvtxmKKSW,Antarctigo Vespucci,I'm so Tethered,0EGk96bwbJkpszncikwbSf,I Drew You Once in Art Class,37,2021-01-14,19
342,3,4FJPplt1JOVw8Q7NiwFmLv,Friend Within,For You,6xHMVdQMf3qeKK5UppJ8Ae,For You,48,2021-01-14,18
343,4,0uCCBpmg6MrPb1KY2msceF,Burial,Rodent,763CSL9s7xd0tAPCrLysYc,Rodent,37,2021-01-14,17
344,5,35l9BRT7MXmM8bv2WDQiyB,beabadoobee,Fake It Flowers,3r1qdSsvJEwiMKHeCWapMM,Worth It,58,2021-01-14,16
345,6,5n9jfCRA7AFY1JfYc5ZYK5,Becca Mancari,First Time,7o9gedLq27PNlVLU1XkGXI,Hunter,35,2021-01-14,15
346,7,19zqV9DV3txjMUjHvltl2D,Motion City Soundtrack,Even If It Kills Me,24zvL59ZN1uTkvuQheAR0V,Fell In Love Without You,34,2021-01-14,14
347,8,0uI2HyW0eIbTbyH3S2XDHI,King Tuff,Black Moon Spell,6V3zT1j43wmQU8Mk2rT35K,Black Moon Spell,42,2021-01-14,13
348,9,4pdoRs7yHNXakMobf8M9Oz,SASAMI,Mess,0qGy2mmBbemdvjHy1cfmrD,Mess,38,2021-01-14,12
349,10,64mPnRMMeudAet0E62ypkx,Primus,Tales From The Punchbowl,6Jjq0Q9YsoMvK9WeQs4kjs,Professor Nutbutter's House Of Treats,33,2021-01-14,11
350,11,3OOEKzLNBzkeQWCKun4UXe,Francis Inferno Orchestra,Where Will You Be Spending Eternity?,1sWLKYeMhFOUd7QjVbxbK3,Harmony - Original Mix,38,2021-01-14,10
351,12,0x9HCT7ZZlOEfLSVCDi5SO,SLIFT,La Planète Inexplorée,4h1y6ZR7RxJRERX0uycwke,Doppler Ganger,17,2021-01-14,9
352,13,0cc6vw3VN8YlIcvr1v7tBL,Mötley Crüe,Too Fast For Love,06EC9TibZK2mACTZ2usK1h,Live Wire,66,2021-01-14,8
353,14,1Hs5RG6WIwUSJLxRYWaOW6,Great Grandpa,Plastic Cough,54jUzTyKnfpouJMuEgcO1s,Teen Challenge,38,2021-01-14,7
354,15,04tBaW21jyUfeP5iqiKBVq,Scott Walker,Scott 3,6u0EHlRPgUIfER7ZAE4x6Q,30 Century Man,47,2021-01-14,6
355,16,7Hr9bE0u9Rl5n6QahVNRnc,Shiba San,Rock Da House,2MErAwy2PGzGgPlRliGCrS,Rock Da House,41,2021-01-14,5
356,17,1VBflYyxBhnDc9uVib98rw,Icona Pop,THIS IS... ICONA POP,6HZ9VeI5IRFCNQLXhpF4bq,I Love It (feat. Charli XCX),68,2021-01-14,4
357,18,4admDxmnri5Zco0xYrJ0ji,Jamie Jones,Electric Mama,4O2Cd6mRDAwXp5ggwDNYep,Electric Mama,55,2021-01-14,3
358,19,5Igpc9iLZ3YGtKeYfSrrOE,Chris Lake,Free Your Body,5TQxS54o7gw5KOxikHxnUi,Free Your Body,60,2021-01-14,2
359,20,2u3rmzZC0psTER2sDfUebm,Never Dull,What Is Jazz?,4WK2n3UUgfzakL7gUyp7Qk,What Is Jazz?,34,2021-01-14,1
360,1,5Igpc9iLZ3YGtKeYfSrrOE,Chris Lake,The Answer,3u3ni5vvXU7WNu1cw5MdFs,Feel So Good,53,2021-01-15,20
361,2,574PYry9WzUvHwvtxmKKSW,Antarctigo Vespucci,I'm so Tethered,0EGk96bwbJkpszncikwbSf,I Drew You Once in Art Class,37,2021-01-15,19
362,3,0x9HCT7ZZlOEfLSVCDi5SO,SLIFT,La Planète Inexplorée,4h1y6ZR7RxJRERX0uycwke,Doppler Ganger,17,2021-01-15,18
363,4,4FJPplt1JOVw8Q7NiwFmLv,Friend Within,For You,6xHMVdQMf3qeKK5UppJ8Ae,For You,48,2021-01-15,17
364,5,0uCCBpmg6MrPb1KY2msceF,Burial,Rodent,763CSL9s7xd0tAPCrLysYc,Rodent,37,2021-01-15,16
365,6,35l9BRT7MXmM8bv2WDQiyB,beabadoobee,Fake It Flowers,3r1qdSsvJEwiMKHeCWapMM,Worth It,58,2021-01-15,15
366,7,5n9jfCRA7AFY1JfYc5ZYK5,Becca Mancari,First Time,7o9gedLq27PNlVLU1XkGXI,Hunter,35,2021-01-15,14
367,8,19zqV9DV3txjMUjHvltl2D,Motion City Soundtrack,Even If It Kills Me,24zvL59ZN1uTkvuQheAR0V,Fell In Love Without You,35,2021-01-15,13
368,9,0uI2HyW0eIbTbyH3S2XDHI,King Tuff,Black Moon Spell,6V3zT1j43wmQU8Mk2rT35K,Black Moon Spell,42,2021-01-15,12
369,10,4pdoRs7yHNXakMobf8M9Oz,SASAMI,Mess,0qGy2mmBbemdvjHy1cfmrD,Mess,38,2021-01-15,11
370,11,64mPnRMMeudAet0E62ypkx,Primus,Tales From The Punchbowl,6Jjq0Q9YsoMvK9WeQs4kjs,Professor Nutbutter's House Of Treats,34,2021-01-15,10
371,12,3OOEKzLNBzkeQWCKun4UXe,Francis Inferno Orchestra,Where Will You Be Spending Eternity?,1sWLKYeMhFOUd7QjVbxbK3,Harmony - Original Mix,38,2021-01-15,9
372,13,3iqOjs2iwL6ywtcENg1ppm,Acid Dad,Acid Dad,6WfTA5HRKwp5WVjkyiLNKi,2Ci,25,2021-01-15,8
373,14,04tBaW21jyUfeP5iqiKBVq,Scott Walker,Scott 3,6u0EHlRPgUIfER7ZAE4x6Q,30 Century Man,47,2021-01-15,7
374,15,2u3rmzZC0psTER2sDfUebm,Never Dull,What Is Jazz?,4WK2n3UUgfzakL7gUyp7Qk,What Is Jazz?,34,2021-01-15,6
375,16,0cc6vw3VN8YlIcvr1v7tBL,Mötley Crüe,Too Fast For Love,06EC9TibZK2mACTZ2usK1h,Live Wire,66,2021-01-15,5
376,17,4VIQa9l1HW6VPhR9IdJS8C,L.A. WITCH,Play With Fire,2DlzYI3TtMR8MAvGktuSu8,I Wanna Lose,36,2021-01-15,4
377,18,1Hs5RG6WIwUSJLxRYWaOW6,Great Grandpa,Plastic Cough,54jUzTyKnfpouJMuEgcO1s,Teen Challenge,38,2021-01-15,3
378,19,7Hr9bE0u9Rl5n6QahVNRnc,Shiba San,Rock Da House,2MErAwy2PGzGgPlRliGCrS,Rock Da House,41,2021-01-15,2
379,20,1VBflYyxBhnDc9uVib98rw,Icona Pop,THIS IS... ICONA POP,6HZ9VeI5IRFCNQLXhpF4bq,I Love It (feat. Charli XCX),69,2021-01-15,1
380,1,5Igpc9iLZ3YGtKeYfSrrOE,Chris Lake,The Answer,3u3ni5vvXU7WNu1cw5MdFs,Feel So Good,53,2021-01-16,20
381,2,0x9HCT7ZZlOEfLSVCDi5SO,SLIFT,La Planète Inexplorée,4h1y6ZR7RxJRERX0uycwke,Doppler Ganger,18,2021-01-16,19
382,3,0uCCBpmg6MrPb1KY2msceF,Burial,Rodent,763CSL9s7xd0tAPCrLysYc,Rodent,37,2021-01-16,18
383,4,574PYry9WzUvHwvtxmKKSW,Antarctigo Vespucci,I'm so Tethered,0EGk96bwbJkpszncikwbSf,I Drew You Once in Art Class,37,2021-01-16,17
384,5,4FJPplt1JOVw8Q7NiwFmLv,Friend Within,For You,6xHMVdQMf3qeKK5UppJ8Ae,For You,48,2021-01-16,16
385,6,35l9BRT7MXmM8bv2WDQiyB,beabadoobee,Fake It Flowers,3r1qdSsvJEwiMKHeCWapMM,Worth It,58,2021-01-16,15
386,7,19zqV9DV3txjMUjHvltl2D,Motion City Soundtrack,Even If It Kills Me,24zvL59ZN1uTkvuQheAR0V,Fell In Love Without You,35,2021-01-16,14
387,8,3iqOjs2iwL6ywtcENg1ppm,Acid Dad,Acid Dad,6WfTA5HRKwp5WVjkyiLNKi,2Ci,25,2021-01-16,13
388,9,04tBaW21jyUfeP5iqiKBVq,Scott Walker,Scott 3,6u0EHlRPgUIfER7ZAE4x6Q,30 Century Man,47,2021-01-16,12
389,10,5n9jfCRA7AFY1JfYc5ZYK5,Becca Mancari,First Time,7o9gedLq27PNlVLU1XkGXI,Hunter,35,2021-01-16,11
390,11,0uI2HyW0eIbTbyH3S2XDHI,King Tuff,Black Moon Spell,6V3zT1j43wmQU8Mk2rT35K,Black Moon Spell,42,2021-01-16,10
391,12,64mPnRMMeudAet0E62ypkx,Primus,Tales From The Punchbowl,6Jjq0Q9YsoMvK9WeQs4kjs,Professor Nutbutter's House Of Treats,34,2021-01-16,9
392,13,3OOEKzLNBzkeQWCKun4UXe,Francis Inferno Orchestra,Where Will You Be Spending Eternity?,1sWLKYeMhFOUd7QjVbxbK3,Harmony - Original Mix,38,2021-01-16,8
393,14,2u3rmzZC0psTER2sDfUebm,Never Dull,What Is Jazz?,4WK2n3UUgfzakL7gUyp7Qk,What Is Jazz?,35,2021-01-16,7
394,15,0cc6vw3VN8YlIcvr1v7tBL,Mötley Crüe,Too Fast For Love,06EC9TibZK2mACTZ2usK1h,Live Wire,66,2021-01-16,6
395,16,4VIQa9l1HW6VPhR9IdJS8C,L.A. WITCH,Play With Fire,2DlzYI3TtMR8MAvGktuSu8,I Wanna Lose,36,2021-01-16,5
396,17,4pdoRs7yHNXakMobf8M9Oz,SASAMI,Mess,0qGy2mmBbemdvjHy1cfmrD,Mess,39,2021-01-16,4
397,18,7Hr9bE0u9Rl5n6QahVNRnc,Shiba San,Rock Da House,2MErAwy2PGzGgPlRliGCrS,Rock Da House,41,2021-01-16,3
398,19,1VBflYyxBhnDc9uVib98rw,Icona Pop,THIS IS... ICONA POP,6HZ9VeI5IRFCNQLXhpF4bq,I Love It (feat. Charli XCX),69,2021-01-16,2
399,20,4admDxmnri5Zco0xYrJ0ji,Jamie Jones,Electric Mama,4O2Cd6mRDAwXp5ggwDNYep,Electric Mama,56,2021-01-16,1
400,1,0x9HCT7ZZlOEfLSVCDi5SO,SLIFT,La Planète Inexplorée,4h1y6ZR7RxJRERX0uycwke,Doppler Ganger,18,2021-01-17,20
401,2,5Igpc9iLZ3YGtKeYfSrrOE,Chris Lake,The Answer,3u3ni5vvXU7WNu1cw5MdFs,Feel So Good,53,2021-01-17,19
402,3,0uCCBpmg6MrPb1KY2msceF,Burial,Rodent,763CSL9s7xd0tAPCrLysYc,Rodent,37,2021-01-17,18
403,4,4FJPplt1JOVw8Q7NiwFmLv,Friend Within,For You,6xHMVdQMf3qeKK5UppJ8Ae,For You,48,2021-01-17,17
404,5,574PYry9WzUvHwvtxmKKSW,Antarctigo Vespucci,I'm so Tethered,0EGk96bwbJkpszncikwbSf,I Drew You Once in Art Class,37,2021-01-17,16
405,6,3iqOjs2iwL6ywtcENg1ppm,Acid Dad,Acid Dad,6WfTA5HRKwp5WVjkyiLNKi,2Ci,25,2021-01-17,15
406,7,04tBaW21jyUfeP5iqiKBVq,Scott Walker,Scott 3,6u0EHlRPgUIfER7ZAE4x6Q,30 Century Man,47,2021-01-17,14
407,8,19zqV9DV3txjMUjHvltl2D,Motion City Soundtrack,Even If It Kills Me,24zvL59ZN1uTkvuQheAR0V,Fell In Love Without You,35,2021-01-17,13
408,9,0uI2HyW0eIbTbyH3S2XDHI,King Tuff,Black Moon Spell,6V3zT1j43wmQU8Mk2rT35K,Black Moon Spell,42,2021-01-17,12
409,10,64mPnRMMeudAet0E62ypkx,Primus,Tales From The Punchbowl,6Jjq0Q9YsoMvK9WeQs4kjs,Professor Nutbutter's House Of Treats,34,2021-01-17,11
410,11,3OOEKzLNBzkeQWCKun4UXe,Francis Inferno Orchestra,Where Will You Be Spending Eternity?,1sWLKYeMhFOUd7QjVbxbK3,Harmony - Original Mix,38,2021-01-17,10
411,12,35l9BRT7MXmM8bv2WDQiyB,beabadoobee,Fake It Flowers,3r1qdSsvJEwiMKHeCWapMM,Worth It,58,2021-01-17,9
412,13,5n9jfCRA7AFY1JfYc5ZYK5,Becca Mancari,First Time,7o9gedLq27PNlVLU1XkGXI,Hunter,35,2021-01-17,8
413,14,2u3rmzZC0psTER2sDfUebm,Never Dull,What Is Jazz?,4WK2n3UUgfzakL7gUyp7Qk,What Is Jazz?,35,2021-01-17,7
414,15,0cc6vw3VN8YlIcvr1v7tBL,Mötley Crüe,Too Fast For Love,06EC9TibZK2mACTZ2usK1h,Live Wire,66,2021-01-17,6
415,16,4VIQa9l1HW6VPhR9IdJS8C,L.A. WITCH,Play With Fire,2DlzYI3TtMR8MAvGktuSu8,I Wanna Lose,36,2021-01-17,5
416,17,5bhOQZFgsHOuAiJ0WJXNHW,Cool Ghouls,A Swirling Fire Burning Through the Rye,2tETqQc5ILtFL5XZ2NLojW,Orange Light,29,2021-01-17,4
417,18,7Hr9bE0u9Rl5n6QahVNRnc,Shiba San,Rock Da House,2MErAwy2PGzGgPlRliGCrS,Rock Da House,41,2021-01-17,3
418,19,0L4nRBwqdugqIWCpAzjB9g,Daniel Ash,Foolish Thing Desire,7M5ViUwDY591pHp8SnFX7i,Get Out of Control,35,2021-01-17,2
419,20,1VBflYyxBhnDc9uVib98rw,Icona Pop,THIS IS... ICONA POP,6HZ9VeI5IRFCNQLXhpF4bq,I Love It (feat. Charli XCX),69,2021-01-17,1
420,1,0x9HCT7ZZlOEfLSVCDi5SO,SLIFT,La Planète Inexplorée,4h1y6ZR7RxJRERX0uycwke,Doppler Ganger,18,2021-01-18,20
421,2,5Igpc9iLZ3YGtKeYfSrrOE,Chris Lake,The Answer,3u3ni5vvXU7WNu1cw5MdFs,Feel So Good,53,2021-01-18,19
422,3,3iqOjs2iwL6ywtcENg1ppm,Acid Dad,Acid Dad,6WfTA5HRKwp5WVjkyiLNKi,2Ci,25,2021-01-18,18
423,4,0uCCBpmg6MrPb1KY2msceF,Burial,Rodent,763CSL9s7xd0tAPCrLysYc,Rodent,37,2021-01-18,17
424,5,5bhOQZFgsHOuAiJ0WJXNHW,Cool Ghouls,A Swirling Fire Burning Through the Rye,2tETqQc5ILtFL5XZ2NLojW,Orange Light,29,2021-01-18,16
425,6,04tBaW21jyUfeP5iqiKBVq,Scott Walker,Scott 3,6u0EHlRPgUIfER7ZAE4x6Q,30 Century Man,47,2021-01-18,15
426,7,19zqV9DV3txjMUjHvltl2D,Motion City Soundtrack,Even If It Kills Me,24zvL59ZN1uTkvuQheAR0V,Fell In Love Without You,35,2021-01-18,14
427,8,4FJPplt1JOVw8Q7NiwFmLv,Friend Within,For You,6xHMVdQMf3qeKK5UppJ8Ae,For You,48,2021-01-18,13
428,9,0uI2HyW0eIbTbyH3S2XDHI,King Tuff,Black Moon Spell,6V3zT1j43wmQU8Mk2rT35K,Black Moon Spell,42,2021-01-18,12
429,10,64mPnRMMeudAet0E62ypkx,Primus,Tales From The Punchbowl,6Jjq0Q9YsoMvK9WeQs4kjs,Professor Nutbutter's House Of Treats,34,2021-01-18,11
430,11,3OOEKzLNBzkeQWCKun4UXe,Francis Inferno Orchestra,Where Will You Be Spending Eternity?,1sWLKYeMhFOUd7QjVbxbK3,Harmony - Original Mix,38,2021-01-18,10
431,12,4VIQa9l1HW6VPhR9IdJS8C,L.A. WITCH,Play With Fire,2DlzYI3TtMR8MAvGktuSu8,I Wanna Lose,36,2021-01-18,9
432,13,2u3rmzZC0psTER2sDfUebm,Never Dull,What Is Jazz?,4WK2n3UUgfzakL7gUyp7Qk,What Is Jazz?,35,2021-01-18,8
433,14,0cc6vw3VN8YlIcvr1v7tBL,Mötley Crüe,Too Fast For Love,06EC9TibZK2mACTZ2usK1h,Live Wire,66,2021-01-18,7
434,15,0L4nRBwqdugqIWCpAzjB9g,Daniel Ash,Foolish Thing Desire,7M5ViUwDY591pHp8SnFX7i,Get Out of Control,35,2021-01-18,6
435,16,574PYry9WzUvHwvtxmKKSW,Antarctigo Vespucci,I'm so Tethered,0EGk96bwbJkpszncikwbSf,I Drew You Once in Art Class,37,2021-01-18,5
436,17,35l9BRT7MXmM8bv2WDQiyB,beabadoobee,Fake It Flowers,3r1qdSsvJEwiMKHeCWapMM,Worth It,58,2021-01-18,4
437,18,7Hr9bE0u9Rl5n6QahVNRnc,Shiba San,Rock Da House,2MErAwy2PGzGgPlRliGCrS,Rock Da House,41,2021-01-18,3
438,19,03r4iKL2g2442PT9n2UKsx,Beastie Boys,The In Sound From Way Out!,79RU3IJza68fW10JHbDfhb,Groove Holmes,45,2021-01-18,2
439,20,1VBflYyxBhnDc9uVib98rw,Icona Pop,THIS IS... ICONA POP,6HZ9VeI5IRFCNQLXhpF4bq,I Love It (feat. Charli XCX),69,2021-01-18,1
440,1,0x9HCT7ZZlOEfLSVCDi5SO,SLIFT,La Planète Inexplorée,4h1y6ZR7RxJRERX0uycwke,Doppler Ganger,18,2021-01-19,20
441,2,5Igpc9iLZ3YGtKeYfSrrOE,Chris Lake,The Answer,3u3ni5vvXU7WNu1cw5MdFs,Feel So Good,53,2021-01-19,19
442,3,3iqOjs2iwL6ywtcENg1ppm,Acid Dad,Acid Dad,6WfTA5HRKwp5WVjkyiLNKi,2Ci,25,2021-01-19,18
443,4,5bhOQZFgsHOuAiJ0WJXNHW,Cool Ghouls,A Swirling Fire Burning Through the Rye,2tETqQc5ILtFL5XZ2NLojW,Orange Light,29,2021-01-19,17
444,5,0uCCBpmg6MrPb1KY2msceF,Burial,Rodent,763CSL9s7xd0tAPCrLysYc,Rodent,37,2021-01-19,16
445,6,19zqV9DV3txjMUjHvltl2D,Motion City Soundtrack,Even If It Kills Me,24zvL59ZN1uTkvuQheAR0V,Fell In Love Without You,35,2021-01-19,15
446,7,04tBaW21jyUfeP5iqiKBVq,Scott Walker,Scott 3,6u0EHlRPgUIfER7ZAE4x6Q,30 Century Man,47,2021-01-19,14
447,8,0uI2HyW0eIbTbyH3S2XDHI,King Tuff,Black Moon Spell,6V3zT1j43wmQU8Mk2rT35K,Black Moon Spell,42,2021-01-19,13
448,9,64mPnRMMeudAet0E62ypkx,Primus,Tales From The Punchbowl,6Jjq0Q9YsoMvK9WeQs4kjs,Professor Nutbutter's House Of Treats,34,2021-01-19,12
449,10,4VIQa9l1HW6VPhR9IdJS8C,L.A. WITCH,Play With Fire,2DlzYI3TtMR8MAvGktuSu8,I Wanna Lose,36,2021-01-19,11
450,11,2u3rmzZC0psTER2sDfUebm,Never Dull,What Is Jazz?,4WK2n3UUgfzakL7gUyp7Qk,What Is Jazz?,35,2021-01-19,10
451,12,7Hr9bE0u9Rl5n6QahVNRnc,Shiba San,Rock Da House,2MErAwy2PGzGgPlRliGCrS,Rock Da House,41,2021-01-19,9
452,13,4FJPplt1JOVw8Q7NiwFmLv,Friend Within,For You,6xHMVdQMf3qeKK5UppJ8Ae,For You,48,2021-01-19,8
453,14,0L4nRBwqdugqIWCpAzjB9g,Daniel Ash,Foolish Thing Desire,7M5ViUwDY591pHp8SnFX7i,Get Out of Control,35,2021-01-19,7
454,15,3OOEKzLNBzkeQWCKun4UXe,Francis Inferno Orchestra,Where Will You Be Spending Eternity?,1sWLKYeMhFOUd7QjVbxbK3,Harmony - Original Mix,38,2021-01-19,6
455,16,03r4iKL2g2442PT9n2UKsx,Beastie Boys,The In Sound From Way Out!,79RU3IJza68fW10JHbDfhb,Groove Holmes,45,2021-01-19,5
456,17,5CYAFhywQTXdZmppCp0ukd,Claude VonStroke,Freaks & Beaks,5H2eUYbatuZNGsfdpIixsM,All My People In The House,42,2021-01-19,4
457,18,1VBflYyxBhnDc9uVib98rw,Icona Pop,THIS IS... ICONA POP,6HZ9VeI5IRFCNQLXhpF4bq,I Love It (feat. Charli XCX),69,2021-01-19,3
458,19,4admDxmnri5Zco0xYrJ0ji,Jamie Jones,Electric Mama,4O2Cd6mRDAwXp5ggwDNYep,Electric Mama,56,2021-01-19,2
459,20,5Igpc9iLZ3YGtKeYfSrrOE,Chris Lake,Free Your Body,5TQxS54o7gw5KOxikHxnUi,Free Your Body,60,2021-01-19,1
460,1,0x9HCT7ZZlOEfLSVCDi5SO,SLIFT,La Planète Inexplorée,4h1y6ZR7RxJRERX0uycwke,Doppler Ganger,17,2021-01-20,20
461,2,5Igpc9iLZ3YGtKeYfSrrOE,Chris Lake,The Answer,3u3ni5vvXU7WNu1cw5MdFs,Feel So Good,52,2021-01-20,19
462,3,3iqOjs2iwL6ywtcENg1ppm,Acid Dad,Acid Dad,6WfTA5HRKwp5WVjkyiLNKi,2Ci,24,2021-01-20,18
463,4,5bhOQZFgsHOuAiJ0WJXNHW,Cool Ghouls,A Swirling Fire Burning Through the Rye,2tETqQc5ILtFL5XZ2NLojW,Orange Light,28,2021-01-20,17
464,5,0uCCBpmg6MrPb1KY2msceF,Burial,Rodent,763CSL9s7xd0tAPCrLysYc,Rodent,35,2021-01-20,16
465,6,04tBaW21jyUfeP5iqiKBVq,Scott Walker,Scott 3,6u0EHlRPgUIfER7ZAE4x6Q,30 Century Man,46,2021-01-20,15
466,7,0uI2HyW0eIbTbyH3S2XDHI,King Tuff,Black Moon Spell,6V3zT1j43wmQU8Mk2rT35K,Black Moon Spell,41,2021-01-20,14
467,8,64mPnRMMeudAet0E62ypkx,Primus,Tales From The Punchbowl,6Jjq0Q9YsoMvK9WeQs4kjs,Professor Nutbutter's House Of Treats,32,2021-01-20,13
468,9,19zqV9DV3txjMUjHvltl2D,Motion City Soundtrack,Even If It Kills Me,24zvL59ZN1uTkvuQheAR0V,Fell In Love Without You,33,2021-01-20,12
469,10,4VIQa9l1HW6VPhR9IdJS8C,L.A. WITCH,Play With Fire,2DlzYI3TtMR8MAvGktuSu8,I Wanna Lose,35,2021-01-20,11
470,11,2u3rmzZC0psTER2sDfUebm,Never Dull,What Is Jazz?,4WK2n3UUgfzakL7gUyp7Qk,What Is Jazz?,33,2021-01-20,10
471,12,7Hr9bE0u9Rl5n6QahVNRnc,Shiba San,Rock Da House,2MErAwy2PGzGgPlRliGCrS,Rock Da House,39,2021-01-20,9
472,13,4FJPplt1JOVw8Q7NiwFmLv,Friend Within,For You,6xHMVdQMf3qeKK5UppJ8Ae,For You,46,2021-01-20,8
473,14,0L4nRBwqdugqIWCpAzjB9g,Daniel Ash,Foolish Thing Desire,7M5ViUwDY591pHp8SnFX7i,Get Out of Control,34,2021-01-20,7
474,15,3OOEKzLNBzkeQWCKun4UXe,Francis Inferno Orchestra,Where Will You Be Spending Eternity?,1sWLKYeMhFOUd7QjVbxbK3,Harmony - Original Mix,37,2021-01-20,6
475,16,03r4iKL2g2442PT9n2UKsx,Beastie Boys,The In Sound From Way Out!,79RU3IJza68fW10JHbDfhb,Groove Holmes,43,2021-01-20,5
476,17,5CYAFhywQTXdZmppCp0ukd,Claude VonStroke,Freaks & Beaks,5H2eUYbatuZNGsfdpIixsM,All My People In The House,40,2021-01-20,4
477,18,1VBflYyxBhnDc9uVib98rw,Icona Pop,THIS IS... ICONA POP,6HZ9VeI5IRFCNQLXhpF4bq,I Love It (feat. Charli XCX),67,2021-01-20,3
478,19,4admDxmnri5Zco0xYrJ0ji,Jamie Jones,Electric Mama,4O2Cd6mRDAwXp5ggwDNYep,Electric Mama,55,2021-01-20,2
479,20,5Igpc9iLZ3YGtKeYfSrrOE,Chris Lake,Free Your Body,5TQxS54o7gw5KOxikHxnUi,Free Your Body,59,2021-01-20,1
480,1,0x9HCT7ZZlOEfLSVCDi5SO,SLIFT,La Planète Inexplorée,4h1y6ZR7RxJRERX0uycwke,Doppler Ganger,16,2021-01-22,20
481,2,5Igpc9iLZ3YGtKeYfSrrOE,Chris Lake,The Answer,3u3ni5vvXU7WNu1cw5MdFs,Feel So Good,51,2021-01-22,19
482,3,5bhOQZFgsHOuAiJ0WJXNHW,Cool Ghouls,A Swirling Fire Burning Through the Rye,2tETqQc5ILtFL5XZ2NLojW,Orange Light,27,2021-01-22,18
483,4,3iqOjs2iwL6ywtcENg1ppm,Acid Dad,Acid Dad,6WfTA5HRKwp5WVjkyiLNKi,2Ci,23,2021-01-22,17
484,5,04tBaW21jyUfeP5iqiKBVq,Scott Walker,Scott 3,6u0EHlRPgUIfER7ZAE4x6Q,30 Century Man,45,2021-01-22,16
485,6,2u3rmzZC0psTER2sDfUebm,Never Dull,What Is Jazz?,4WK2n3UUgfzakL7gUyp7Qk,What Is Jazz?,32,2021-01-22,15
486,7,0uI2HyW0eIbTbyH3S2XDHI,King Tuff,Black Moon Spell,6V3zT1j43wmQU8Mk2rT35K,Black Moon Spell,40,2021-01-22,14
487,8,0uCCBpmg6MrPb1KY2msceF,Burial,Rodent,763CSL9s7xd0tAPCrLysYc,Rodent,34,2021-01-22,13
488,9,4VIQa9l1HW6VPhR9IdJS8C,L.A. WITCH,Play With Fire,2DlzYI3TtMR8MAvGktuSu8,I Wanna Lose,34,2021-01-22,12
489,10,7Hr9bE0u9Rl5n6QahVNRnc,Shiba San,Rock Da House,2MErAwy2PGzGgPlRliGCrS,Rock Da House,38,2021-01-22,11
490,11,19zqV9DV3txjMUjHvltl2D,Motion City Soundtrack,Even If It Kills Me,24zvL59ZN1uTkvuQheAR0V,Fell In Love Without You,33,2021-01-22,10
491,12,4FJPplt1JOVw8Q7NiwFmLv,Friend Within,For You,6xHMVdQMf3qeKK5UppJ8Ae,For You,45,2021-01-22,9
492,13,0L4nRBwqdugqIWCpAzjB9g,Daniel Ash,Foolish Thing Desire,7M5ViUwDY591pHp8SnFX7i,Get Out of Control,33,2021-01-22,8
493,14,64mPnRMMeudAet0E62ypkx,Primus,Tales From The Punchbowl,6Jjq0Q9YsoMvK9WeQs4kjs,Professor Nutbutter's House Of Treats,31,2021-01-22,7
494,15,4admDxmnri5Zco0xYrJ0ji,Jamie Jones,Electric Mama,4O2Cd6mRDAwXp5ggwDNYep,Electric Mama,54,2021-01-22,6
495,16,5Igpc9iLZ3YGtKeYfSrrOE,Chris Lake,Free Your Body,5TQxS54o7gw5KOxikHxnUi,Free Your Body,58,2021-01-22,5
496,17,0Zy4ncr8h1jd7Nzr9946fD,Killing Joke,Night Time,21T9lWigjSIMg9uD6ZfRnQ,Eighties - 2007 Digital Remaster,55,2021-01-22,4
497,18,03r4iKL2g2442PT9n2UKsx,Beastie Boys,The In Sound From Way Out!,79RU3IJza68fW10JHbDfhb,Groove Holmes,42,2021-01-22,3
498,19,5CYAFhywQTXdZmppCp0ukd,Claude VonStroke,Freaks & Beaks,5H2eUYbatuZNGsfdpIixsM,All My People In The House,39,2021-01-22,2
499,20,4FCzCS0KEgb0rgySWINItO,CID,Actin' Fake (feat. Charlie Vox & Cinélu),5VL2XTEiThJ4auCKBZ44R8,Actin' Fake (feat. Charlie Vox & Cinélu),47,2021-01-22,1
